{"name":"Copy of Yair_testGitFullUseCase-Name1","title":"Form Title","description":"","new_editor":true,"show_title_description":true,"showHeader":false,"showFooter":false,"lang":1,"columns":1,"status":true,"template":0,"limits":0,"fldIndex":36,"captcha":false,"IpTracking":true,"post_data_url":"","send_mail":true,"elements":[[{"FieldTypeName":"Button","properties":{"type":{"title":"Button Type:","type":"select","value":"Salesforce Action","options":["submit","reset","print","draft","dummy","Salesforce Action","Visual Composer","Go Prev","Go Next","Go to page","Reset signature","Modal signature","Condition","SmartV Logout","Redirect","SSO Logout","XML Parser","Twilio","Close Twilio","Refresh Location","Barcode Scanner","AllScripts"]},"align":{"title":"Button align","type":"select","value":"auto","options":["auto","left","center","right"]},"user_tip":{"title":"User tip","type":"text","value":""},"img_btn_url":{"title":"Choose BackGround Image","type":"imageBackground","value":"","src":""},"default":{"title":"Button text","type":"text","value":"Save and Continue"},"admin_field_only":{"title":"Admin Field","type":"checkbox","value":false},"unique_value":{"title":"Unique value","type":"checkbox","value":false},"confirmation_mode":{"title":"Confirmation mode","type":"checkbox","value":false},"onclick_action":{"title":"On click action","type":"checkbox","value":false},"prop_disabled":{"value":true},"field_id":{"value":true,"id":"fld1"},"styles":{"Container-1621422168302-842-1":{"options":{"top":701,"left":584}}},"page":1,"pushActions":{"items":{"1621422469656-761-304":{"uid":"1621422469656-761-304","label":"Account (create) ","orderProcess":"1","valueTo":{"uid":"1621422532953-81-13","label":"Account Id"}},"1621422387619-522-968":{"uid":"1621422387619-522-968","label":"Contact (update) ","valueTo":{"uid":"1621422229411-160-7","label":"Contact Id"},"orderProcess":"2"}},"goToPage":"next","redirect":{"customExecutionOrder":true}}},"FieldTypeIsLabelAssociated":0,"FieldTypeIsDataContainer":0,"FieldTypeConditionType":null,"uid":"1621422168302-842-1","visible":"show","className":"Button-1621422168302-842-1","classUID":"1621422168302-842-1","storedSize":{"styles":{"width":250,"height":40}},"hidePreview":false},{"properties":{"key":{"title":"Name","type":"text","value":"Contact Id"},"use_system_value":{"value":""},"use_value_from":{"title":"Use value from","type":"text","value":"","placeholder":"Please type field id, eg fld12"},"value":{"title":"Value","type":"text","value":""},"field_id":{"value":true,"id":"fld8"},"isSetOrder":true,"page":1,"subIndex":1,"styles":{"Container-1621422229411-160-7":{"options":{"top":73,"left":104,"width":250,"taborder":8},"container":{}}},"tag_value":"ConId"},"isNew":true,"uid":"1621422229411-160-7","visible":"show","FieldTypeID":35,"FieldTypeName":"Hidden","FieldTypeDescription":"name,value propertesonly, it will be hidden from users,will be post to server","FieldTypeIsDataContainer":1,"FieldTypeIsForForm":1,"FieldTypeIsForReport":0,"FieldTypeConditionType":1,"FieldTypeIsBasic":0,"FieldTypeOrder":8,"FieldTypeIsLabelAssociated":0,"FieldTypeFormBuilderType":1,"FieldTypeReportBuilderType":null,"row":1,"storedSize":{"styles":{"width":250,"height":40}},"className":"Hidden-1621422229411-160-7","classUID":"1621422229411-160-7","hidePreview":false},{"properties":{"label":{"title":"Label","type":"text","value":"Section","isHidden":{"top":false,"left":true,"right":true,"bottom":true}},"columns":{"type":"select","title":"Columns","value":2,"options":[1,2,3,4]},"section_rows":{"type":"select","title":"Rows","value":1,"options":[1,2,3,4,5,6,7,8,9,10]},"elements":{"hide":true,"value":[[[{"properties":{"fieldtype":"string","label":{"title":"Label","type":"text","value":"First Name","isHidden":{"top":false,"left":true,"right":true,"bottom":true}},"placeholder_field":{"title":"Placeholder","type":"text","value":""},"default":{"id":"textbox","title":"Default value","type":"text","data":true,"hide":false},"placeholder":{"value":"","check":true},"is_mandatory":{"title":"Mandatory","type":"checkbox","value":true},"user_tip":{"title":"User tip","type":"text","value":""},"admin_field_only":{"title":"Admin Field","type":"checkbox","value":false},"unique_value":{"title":"Unique value","type":"checkbox","value":false},"limit_chars":{"title":"Maximum Length","type":"text"},"valuerule":{"value":true},"condition":{"value":true},"size":{"value":"large","hide":true},"field_id":{"title":"Field ID","value":true,"id":"fld10"},"mask":{"title":"Field mask","type":"text","value":""},"use_mask_value":{"title":"Use mask value","type":"checkbox","value":false},"clear_mask_placeholder":{"title":"Auto clear placeholder","type":"checkbox","value":false},"autofocus":{"title":"Auto Focus","type":"checkbox","value":false},"password_mode":{"title":"Password mode","type":"checkbox","value":false},"numeric_keyboard":{"title":"Numeric keyboard","type":"checkbox","value":false},"decode_special_chars":{"title":"Decode special chars","type":"checkbox","value":false},"isSetOrder":true,"page":3,"subIndex":1,"styles":{"Container-1621422263765-384-9":{"options":{"top":84,"left":38,"width":250,"taborder":10},"container":{}}},"enabledFloatingLabel":false},"isNew":true,"uid":"1621422263765-384-9","visible":"show","FieldTypeID":2,"FieldTypeName":"Textbox","FieldTypeDescription":"input box for entering alphanumeric data","FieldTypeIsDataContainer":1,"FieldTypeIsForForm":1,"FieldTypeIsForReport":0,"FieldTypeConditionType":1,"FieldTypeIsBasic":1,"FieldTypeOrder":3,"FieldTypeIsLabelAssociated":1,"FieldTypeFormBuilderType":0,"FieldTypeReportBuilderType":null,"row":3,"storedSize":{"styles":{"width":250,"height":88}},"parentSectionUID":"1621422254410-141-8","hidePreview":false,"className":"Textbox-1621422263765-384-9","classUID":"1621422263765-384-9"},{"properties":{"fieldtype":"string","label":{"title":"Label","type":"text","value":"Last Name","isHidden":{"top":false,"left":true,"right":true,"bottom":true}},"placeholder_field":{"title":"Placeholder","type":"text","value":""},"default":{"id":"textbox","title":"Default value","type":"text","data":true,"hide":false},"placeholder":{"value":"","check":true},"is_mandatory":{"title":"Mandatory","type":"checkbox","value":true},"user_tip":{"title":"User tip","type":"text","value":""},"admin_field_only":{"title":"Admin Field","type":"checkbox","value":false},"unique_value":{"title":"Unique value","type":"checkbox","value":false},"limit_chars":{"title":"Maximum Length","type":"text"},"valuerule":{"value":true},"condition":{"value":true},"size":{"value":"large","hide":true},"field_id":{"title":"Field ID","value":true,"id":"fld11"},"mask":{"title":"Field mask","type":"text","value":""},"use_mask_value":{"title":"Use mask value","type":"checkbox","value":false},"clear_mask_placeholder":{"title":"Auto clear placeholder","type":"checkbox","value":false},"autofocus":{"title":"Auto Focus","type":"checkbox","value":false},"password_mode":{"title":"Password mode","type":"checkbox","value":false},"numeric_keyboard":{"title":"Numeric keyboard","type":"checkbox","value":false},"decode_special_chars":{"title":"Decode special chars","type":"checkbox","value":false},"isSetOrder":true,"page":3,"subIndex":1,"styles":{"Container-1621422266515-918-10":{"options":{"top":172,"left":38,"width":250,"taborder":11},"container":{}}},"enabledFloatingLabel":false},"isNew":true,"uid":"1621422266515-918-10","visible":"show","FieldTypeID":2,"FieldTypeName":"Textbox","FieldTypeDescription":"input box for entering alphanumeric data","FieldTypeIsDataContainer":1,"FieldTypeIsForForm":1,"FieldTypeIsForReport":0,"FieldTypeConditionType":1,"FieldTypeIsBasic":1,"FieldTypeOrder":3,"FieldTypeIsLabelAssociated":1,"FieldTypeFormBuilderType":0,"FieldTypeReportBuilderType":null,"row":3,"storedSize":{"styles":{"width":250,"height":88}},"parentSectionUID":"1621422254410-141-8","hidePreview":false,"className":"Textbox-1621422266515-918-10","classUID":"1621422266515-918-10"},{"properties":{"fieldtype":"string","label":{"title":"Label","type":"text","value":"Email","isHidden":{"top":false,"left":true,"right":true,"bottom":true}},"placeholder_field":{"title":"Placeholder","value":"","type":"text"},"is_mandatory":{"title":"Mandatory","type":"checkbox","value":true},"send2FormFilter":{"title":"Send email to filler","type":"checkbox","value":false},"sendCustomEmail2FormFilter":{"title":"custom  mail to filler","type":"checkbox","value":false},"customSubject":{"title":"Custom Subject","type":"checkbox","value":false},"isAutoSuggest":{"title":"Auto Suggest","type":"checkbox","value":true},"user_tip":{"title":"User tip","type":"text","value":""},"label_align":{"title":"Label align","type":"select","value":"auto","options":["auto","left","center","right"]},"hide_label":{"title":"Hide Label","type":"checkbox","value":false,"keys":{"label":true,"label_align":true}},"align":{"title":"Email align","type":"select","value":"auto","options":["auto","left","center","right"]},"admin_field_only":{"title":"Admin Field","type":"checkbox","value":false},"unique_value":{"title":"Unique value","type":"checkbox","value":false},"default":{"id":"email","title":"Default value","type":"text","value":"","data":true},"valuerule":{"value":true},"condition":{"value":true},"field_id":{"value":true,"id":"fld13"},"autofocus":{"title":"Auto Focus","type":"checkbox","value":false},"isSetOrder":true,"page":3,"subIndex":1,"styles":{"Container-1621422278771-843-12":{"options":{"top":0,"left":38,"width":250,"taborder":13},"container":{}}},"enabledFloatingLabel":false},"isNew":true,"uid":"1621422278771-843-12","visible":"show","FieldTypeID":7,"FieldTypeName":"Email","FieldTypeDescription":"input box for entering an email address","FieldTypeIsDataContainer":1,"FieldTypeIsForForm":1,"FieldTypeIsForReport":0,"FieldTypeConditionType":1,"FieldTypeIsBasic":1,"FieldTypeOrder":6,"FieldTypeIsLabelAssociated":1,"FieldTypeFormBuilderType":0,"FieldTypeReportBuilderType":null,"row":3,"storedSize":{"styles":{"width":250,"height":88}},"hidePreview":false,"className":"Email-1621422278771-843-12","classUID":"1621422278771-843-12","parentSectionUID":"1621422254410-141-8","rules":[]},{"properties":{"fieldtype":"string","label":{"title":"Label","type":"text","value":"Company / acc name","isHidden":{"top":false,"left":true,"right":true,"bottom":true}},"placeholder_field":{"title":"Placeholder","type":"text","value":""},"default":{"id":"textbox","title":"Default value","type":"text","value":"","data":true,"hide":false},"placeholder":{"value":"","check":true},"is_mandatory":{"title":"Mandatory","type":"checkbox","value":false},"user_tip":{"title":"User tip","type":"text","value":""},"admin_field_only":{"title":"Admin Field","type":"checkbox","value":false},"unique_value":{"title":"Unique value","type":"checkbox","value":false},"limit_chars":{"title":"Maximum Length","type":"text"},"valuerule":{"value":true},"condition":{"value":true},"size":{"value":"large","hide":true},"field_id":{"title":"Field ID","value":true,"id":"fld27"},"mask":{"title":"Field mask","type":"text","value":""},"use_mask_value":{"title":"Use mask value","type":"checkbox","value":false},"clear_mask_placeholder":{"title":"Auto clear placeholder","type":"checkbox","value":false},"autofocus":{"title":"Auto Focus","type":"checkbox","value":false},"password_mode":{"title":"Password mode","type":"checkbox","value":false},"numeric_keyboard":{"title":"Numeric keyboard","type":"checkbox","value":false},"decode_special_chars":{"title":"Decode special chars","type":"checkbox","value":false},"isSetOrder":true,"page":5,"subIndex":1,"styles":{"Container-1621425210622-555-26":{"options":{"top":18,"left":347,"width":250,"taborder":27},"container":{}}},"enabledFloatingLabel":false},"isNew":true,"uid":"1621425210622-555-26","visible":"show","FieldTypeID":2,"FieldTypeName":"Textbox","FieldTypeDescription":"input box for entering alphanumeric data","FieldTypeIsDataContainer":1,"FieldTypeIsForForm":1,"FieldTypeIsForReport":0,"FieldTypeConditionType":1,"FieldTypeIsBasic":1,"FieldTypeOrder":3,"FieldTypeIsLabelAssociated":1,"FieldTypeFormBuilderType":0,"FieldTypeReportBuilderType":null,"row":5,"storedSize":{"styles":{"width":250,"height":88}},"parentSectionUID":"1621422254410-141-8","hidePreview":false,"className":"Textbox-1621425210622-555-26","classUID":"1621425210622-555-26"},{"properties":{"placeholder_field":{"title":"Placeholder","value":"","type":"text"},"fieldtype":"list","label":{"title":"Label","type":"text","value":"Industry - mapped","isHidden":{"top":false,"left":true,"right":true,"bottom":true}},"list":{"title":"Options","type":"listbox","items":[]},"is_random":{"title":"Randomize","type":"checkbox","value":false},"is_autocomplete":{"title":"Autocomplete","type":"checkbox","value":true},"is_mandatory":{"title":"Mandatory","type":"checkbox","value":false},"other":{"title":"Other","type":"checkbox","value":false},"add_other_dropdown":{"title":"Add Other","action":"add_other","label":"Other","textBoxValue":"","type":"checkbox","value":false,"showInput":false,"uid":"1621422817880-801-4"},"user_tip":{"title":"User tip","type":"text","value":""},"add_list_header":{"title":"Add list Header","action":"add_list_header","textbox_value":"Please Choose","type":"checkbox","value":false},"show_search_box":{"title":"Show search box","type":"checkbox","value":false},"import_load":{"title":"Import List","type":"button","value":false},"label_align":{"title":"Label align","type":"select","value":"auto","options":["auto","left","center","right"]},"hide_label":{"title":"Hide Label","type":"checkbox","value":false,"keys":{"label":true,"label_align":true}},"default":{"id":"dropdown","hide":true,"data":true},"ather_options":{"value":"","selected":false,"title":"Ather"},"dropdown":{"hide":true},"align":{"title":"ListBox align","type":"select","value":"auto","options":["auto","left","center","right"]},"admin_field_only":{"title":"Admin Field","type":"checkbox","value":false},"unique_value":{"title":"Unique value","type":"checkbox","value":false},"valuerule":{"value":true},"condition":{"value":true},"multiple":{"title":"Multiple selection","type":"checkbox","value":false},"dependent":{"title":"Dependent picklist","type":"checkbox","value":false},"navigation_mode":{"title":"Pagebreak nav. mode","type":"checkbox","value":false},"field_id":{"value":true,"id":"fld16"},"disallow_dynamic_items":{"title":"Disallow dyn. items","type":"checkbox","value":false},"load_custom_list":{"title":"Load Custom List","type":"checkbox","value":false},"listType":"simple","autofocus":{"title":"Auto Focus","type":"checkbox","value":false},"distinct_options":{"title":"Distinct options","type":"checkbox","value":false},"add_empty_item":{"title":"Add empty item","type":"checkbox","value":false},"set_default_from_salesforce":{"title":"Salesforce default","type":"checkbox","value":false},"isSetOrder":true,"page":4,"subIndex":4,"prepared":{"elements":[]},"styles":{"Container-1621422817880-801-15":{"options":{"top":260,"left":34,"width":250,"taborder":16},"container":{}}},"enabledFloatingLabel":false},"isNew":true,"uid":"1621422817880-801-15","visible":"show","FieldTypeID":6,"FieldTypeName":"DropDown","FieldTypeDescription":"a list of multiple choices that allow choosing only one choice","FieldTypeIsDataContainer":1,"FieldTypeIsForForm":1,"FieldTypeIsForReport":0,"FieldTypeConditionType":4,"FieldTypeIsBasic":1,"FieldTypeOrder":7,"FieldTypeIsLabelAssociated":1,"FieldTypeFormBuilderType":0,"FieldTypeReportBuilderType":null,"row":4,"storedSize":{"styles":{"width":250,"height":88}},"hidePreview":false,"className":"DropDown-1621422817880-801-15","classUID":"1621422817880-801-15","parentSectionUID":"1621422254410-141-8"},{"properties":{"fieldtype":"string","label":{"title":"Label","type":"text","value":"Replaced mobile field","isHidden":{"top":false,"left":true,"right":true,"bottom":true}},"placeholder_field":{"title":"Placeholder","type":"text","value":""},"default":{"id":"textbox","title":"Default value","type":"text","value":"","data":true,"hide":false},"placeholder":{"value":"","check":true},"is_mandatory":{"title":"Mandatory","type":"checkbox","value":false},"user_tip":{"title":"User tip","type":"text","value":""},"admin_field_only":{"title":"Admin Field","type":"checkbox","value":false},"unique_value":{"title":"Unique value","type":"checkbox","value":false},"limit_chars":{"title":"Maximum Length","type":"text"},"valuerule":{"value":true},"condition":{"value":true},"size":{"value":"large","hide":true},"field_id":{"title":"Field ID","value":true,"id":"fld28"},"mask":{"title":"Field mask","type":"text","value":""},"use_mask_value":{"title":"Use mask value","type":"checkbox","value":false},"clear_mask_placeholder":{"title":"Auto clear placeholder","type":"checkbox","value":false},"autofocus":{"title":"Auto Focus","type":"checkbox","value":false},"password_mode":{"title":"Password mode","type":"checkbox","value":false},"numeric_keyboard":{"title":"Numeric keyboard","type":"checkbox","value":false},"decode_special_chars":{"title":"Decode special chars","type":"checkbox","value":false},"isSetOrder":true,"page":4,"subIndex":1,"styles":{"Container-1621425251029-882-27":{"options":{"top":122,"left":347,"width":250,"taborder":28},"container":{}}},"enabledFloatingLabel":false},"isNew":true,"uid":"1621425251029-882-27","visible":"show","FieldTypeID":2,"FieldTypeName":"Textbox","FieldTypeDescription":"input box for entering alphanumeric data","FieldTypeIsDataContainer":1,"FieldTypeIsForForm":1,"FieldTypeIsForReport":0,"FieldTypeConditionType":1,"FieldTypeIsBasic":1,"FieldTypeOrder":3,"FieldTypeIsLabelAssociated":1,"FieldTypeFormBuilderType":0,"FieldTypeReportBuilderType":null,"row":4,"storedSize":{"styles":{"width":250,"height":88}},"parentSectionUID":"1621422254410-141-8","hidePreview":false,"className":"Textbox-1621425251029-882-27","classUID":"1621425251029-882-27"},{"properties":{"placeholder_field":{"title":"Placeholder","value":"","type":"text"},"fieldtype":"list","label":{"title":"Label","type":"text","value":"Salutation","isHidden":{"top":false,"left":true,"right":true,"bottom":true}},"list":{"title":"Options","type":"listbox","items":[]},"is_random":{"title":"Randomize","type":"checkbox","value":false},"is_autocomplete":{"title":"Autocomplete","type":"checkbox","value":true},"is_mandatory":{"title":"Mandatory","type":"checkbox","value":false},"other":{"title":"Other","type":"checkbox","value":false},"add_other_dropdown":{"title":"Add Other","action":"add_other","label":"Other","textBoxValue":"","type":"checkbox","value":false,"showInput":false,"uid":"1621425307721-477-4"},"user_tip":{"title":"User tip","type":"text","value":""},"add_list_header":{"title":"Add list Header","action":"add_list_header","textbox_value":"Please Choose","type":"checkbox","value":false},"show_search_box":{"title":"Show search box","type":"checkbox","value":false},"import_load":{"title":"Import List","type":"button","value":false},"label_align":{"title":"Label align","type":"select","value":"auto","options":["auto","left","center","right"]},"hide_label":{"title":"Hide Label","type":"checkbox","value":false,"keys":{"label":true,"label_align":true}},"default":{"id":"dropdown","hide":true,"data":true},"ather_options":{"value":"","selected":false,"title":"Ather"},"dropdown":{"hide":true},"align":{"title":"ListBox align","type":"select","value":"auto","options":["auto","left","center","right"]},"admin_field_only":{"title":"Admin Field","type":"checkbox","value":false},"unique_value":{"title":"Unique value","type":"checkbox","value":false},"valuerule":{"value":true},"condition":{"value":true},"multiple":{"title":"Multiple selection","type":"checkbox","value":false},"dependent":{"title":"Dependent picklist","type":"checkbox","value":false},"navigation_mode":{"title":"Pagebreak nav. mode","type":"checkbox","value":false},"field_id":{"value":true,"id":"fld30"},"disallow_dynamic_items":{"title":"Disallow dyn. items","type":"checkbox","value":false},"load_custom_list":{"title":"Load Custom List","type":"checkbox","value":false},"listType":"simple","autofocus":{"title":"Auto Focus","type":"checkbox","value":false},"distinct_options":{"title":"Distinct options","type":"checkbox","value":false},"add_empty_item":{"title":"Add empty item","type":"checkbox","value":false},"set_default_from_salesforce":{"title":"Salesforce default","type":"checkbox","value":false},"isSetOrder":true,"page":5,"subIndex":4,"prepared":{"elements":[]},"styles":{"Container-1621425307720-651-29":{"options":{"top":220,"left":347,"width":250,"taborder":30},"container":{}}},"enabledFloatingLabel":false},"isNew":true,"uid":"1621425307720-651-29","visible":"show","FieldTypeID":6,"FieldTypeName":"DropDown","FieldTypeDescription":"a list of multiple choices that allow choosing only one choice","FieldTypeIsDataContainer":1,"FieldTypeIsForForm":1,"FieldTypeIsForReport":0,"FieldTypeConditionType":4,"FieldTypeIsBasic":1,"FieldTypeOrder":7,"FieldTypeIsLabelAssociated":1,"FieldTypeFormBuilderType":0,"FieldTypeReportBuilderType":null,"row":5,"storedSize":{"styles":{"width":250,"height":88}},"parentSectionUID":"1621422254410-141-8","hidePreview":false,"className":"DropDown-1621425307720-651-29","classUID":"1621425307720-651-29"}],[]]]},"repeat":{"title":"Repeated","type":"checkbox","value":false,"origin":true},"enable_tabs":{"title":"Enable Tabs","type":"checkbox","items":[],"value":false},"enable_collapse":{"title":"Enable Collapse","type":"checkbox","label":"Open section","expand":"+","collapse":"-","items":[],"value":false},"AddButtonText":{"title":"Add Button Text","type":"text","value":"Add"},"RemoveButtonText":{"title":"Remove Button Text","type":"text","value":"Remove"},"field_id":{"value":true,"id":"fld9"},"num_of_display":{"title":"Num of visible items","type":"text","value":1},"half_view":{"title":"Half view","type":"checkbox","value":false},"num_of_max_items":{"title":"Max items","type":"text","value":0},"space_between_sections":{"title":"Repeat margin","type":"number","value":30},"populate_items_tabs":{"title":"Populate items","type":"checkbox","items":[],"value":false},"show_item_number":{"title":"Show item number","type":"checkbox","items":[],"value":false},"show_label":{"title":"Show label","type":"checkbox","items":[],"value":false},"show_remove_last":{"title":"Show remove for last","type":"checkbox","items":[],"value":false},"update_origin_data":{"title":"Repeat mapped data","type":"checkbox","items":[],"value":false},"infinite_scroll_mode":{"title":"Infinite scroll mode","type":"checkbox","items":[],"value":false},"overflow_scroll":{"title":"Overflow - scroll","type":"checkbox","value":false},"auto_size":{"title":"Auto-Sizing","type":"checkbox","value":false},"collapse_by_default":{"title":"Collapse by default","type":"checkbox","value":false},"break_by":{"title":"Break by","type":"checkbox","value":false},"break_by_label":{"title":"Use Label of break by from","type":"checkbox","value":false},"section_map_tab_name":{"title":"Map Tab name to","type":"checkbox","value":false},"conditional_size":{"title":"Conditional size","type":"checkbox","value":false},"force_LTR_label":{"title":"Force LTR text","type":"checkbox","value":false},"isSetOrder":true,"page":1,"subIndex":1,"styles":{"Container-1621422254410-141-8":{"options":{"top":146,"left":207,"width":200,"taborder":9,"widthUnit":"px","heightUnit":"px"},"container":{"background-color":"rgba(240,240,240,1)","width":"657px","height":"361px"},"element":{"width":"200px","height":"200px","size":"custom","background-color":"rgba(240,240,240,1)"}}}},"isNew":true,"uid":"1621422254410-141-8","visible":"show","FieldTypeID":29,"FieldTypeName":"Section","FieldTypeDescription":"like what we did + it got label, dont got mandatory..","FieldTypeIsDataContainer":0,"FieldTypeIsForForm":1,"FieldTypeIsForReport":0,"FieldTypeConditionType":null,"FieldTypeIsBasic":0,"FieldTypeOrder":11,"FieldTypeIsLabelAssociated":0,"FieldTypeFormBuilderType":1,"FieldTypeReportBuilderType":1,"row":2,"storedSize":{"styles":{"width":657,"height":361}},"hidePreview":false,"className":"Section-1621422254410-141-8"},{"properties":{"key":{"title":"Name","type":"text","value":"Account Id"},"use_system_value":{"value":""},"use_value_from":{"title":"Use value from","type":"text","value":"","placeholder":"Please type field id, eg fld12"},"value":{"title":"Value","type":"text","value":"bbbbbb"},"field_id":{"value":true,"id":"fld14"},"isSetOrder":true,"page":1,"subIndex":1,"styles":{"Container-1621422532953-81-13":{"options":{"top":74,"left":375,"width":250,"taborder":14},"container":{}}},"tag_value":"AccId"},"isNew":true,"uid":"1621422532953-81-13","visible":"show","FieldTypeID":35,"FieldTypeName":"Hidden","FieldTypeDescription":"name,value propertesonly, it will be hidden from users,will be post to server","FieldTypeIsDataContainer":1,"FieldTypeIsForForm":1,"FieldTypeIsForReport":0,"FieldTypeConditionType":1,"FieldTypeIsBasic":0,"FieldTypeOrder":8,"FieldTypeIsLabelAssociated":0,"FieldTypeFormBuilderType":1,"FieldTypeReportBuilderType":null,"row":3,"storedSize":{"styles":{"width":250,"height":40}},"className":"Hidden-1621422532953-81-13","classUID":"1621422532953-81-13","hidePreview":false},{"properties":{"image":{"title":"Default image","type":"imageupload","value":"","src":"https://formtitanimagegallery.s3.amazonaws.com/772fe786a8e96548fd126c38d0a2912e.jpg","alt":"Abstract orange","width":1920,"height":1743,"hide":true},"_url":{"title":"Image HREF","type":"text","value":""},"_target":{"title":"HREF target","type":"select","value":"_self","options":["_blank","_parent","_self","_top"]},"showImageGallery":{"value":true},"width":{"title":"Width","value":null,"type":"text"},"height":{"title":"Height","value":null,"type":"text"},"rotation":{"title":"Rotation","value":0,"min":0,"step":1,"max":360},"img_tooltip":{"title":"Image Tip","type":"text","value":""},"align":{"title":"Image align","type":"select","value":"auto","options":["auto","left","center","right"]},"valuerule":{"value":true},"condition":{"value":true},"field_id":{"value":true,"id":"fld29"},"use_for_pdf":{"title":"Use for PDF","value":false},"keep_aspect_ratio":{"title":"Keep aspect ratio","value":false},"onclick_action":{"title":"On click action","type":"checkbox","value":false},"isSetOrder":true,"page":1,"subIndex":1,"styles":{"Container-1621425286286-512-28":{"options":{"top":517,"left":91,"width":150,"taborder":29},"container":{}},"Image-1621425286286-512-28":{"element":{"font-family":"Verdana, Geneva, sans-serif","font-size":"16px","color":"rgba(97,97,97,1)","padding-left":"px","size":"custom","width":"150px","height":"136px","background-color":"","padding-top":"0px","padding-bottom":"0px","padding-right":"0px"},"container":{},"options":{"widthUnit":"px","heightUnit":"px"},"type":"GeneralElement"}}},"isNew":true,"uid":"1621425286286-512-28","visible":"show","FieldTypeID":23,"FieldTypeName":"Image","FieldTypeDescription":"image for esthetic purposes","FieldTypeIsDataContainer":0,"FieldTypeIsForForm":1,"FieldTypeIsForReport":1,"FieldTypeConditionType":null,"FieldTypeIsBasic":0,"FieldTypeOrder":11,"FieldTypeIsLabelAssociated":0,"FieldTypeFormBuilderType":0,"FieldTypeReportBuilderType":0,"row":4,"storedSize":{"styles":{"width":150,"height":136}},"className":"Image-1621425286286-512-28","classUID":"1621425286286-512-28","hidePreview":false},{"properties":{"label":{"title":"Label","type":"text","value":"Page","isHidden":{"top":false,"left":true,"right":true,"bottom":true}},"pager_text":{"title":"Pager text","type":"text","value":"Page"},"back_button":{"title":"Back button","type":"text","value":"Back"},"next_button":{"title":"Next button","type":"text","value":"Next"},"finish_button":{"title":"Finish button","type":"text","value":"Finish"},"label_align":{"title":"Label align","type":"select","value":"auto","options":["auto","left","center","right"]},"hide_label":{"title":"Hide Label","type":"checkbox","value":false,"keys":{"label":true,"label_align":true}},"name":{"type":"text","title":"Name","hide":true,"value":""},"page":{"hide":true,"value":1},"default":{"title":"Value","type":"text","value":"","hide":true},"header":{"title":"Edit Header","type":"ins_button"},"footer":{"title":"Edit Footer","type":"ins_button"},"sticky":{"title":"Sticky to footer","value":true},"hideFinish":{"title":"Hide finish button","value":false},"progress_indicator":{"title":"Show progress indicator","type":"checkbox","value":false},"pagebreak_path":{"title":"Show path","type":"checkbox","value":false},"condition":{"value":true},"skip_validations":{"title":"Skip validations","type":"checkbox","value":false},"disable_path_links":{"title":"Disable path links","type":"checkbox","value":false},"isSetOrder":true,"subIndex":1,"field_id":{"id":"fld3"},"styles":{"Container-1621422182562-200-1":{"options":{"top":640,"left":306,"width":600,"taborder":2},"container":{}}}},"isNew":true,"uid":"1621422182562-200-1","visible":"show","FieldTypeID":30,"FieldTypeName":"PageBreak","FieldTypeDescription":"an element that divides the form into pages","FieldTypeIsDataContainer":0,"FieldTypeIsForForm":1,"FieldTypeIsForReport":0,"FieldTypeConditionType":null,"FieldTypeIsBasic":0,"FieldTypeOrder":12,"FieldTypeIsLabelAssociated":0,"FieldTypeFormBuilderType":1,"FieldTypeReportBuilderType":null,"row":1,"storedSize":{"styles":{"width":1000,"height":57}},"hidePreview":false,"className":"PageBreak-1621422182562-200-1","classUID":"1621422182562-200-1","isNext":true},{"properties":{"label":{"title":"Label","type":"text","value":"Table","isHidden":{"top":false,"left":true,"right":true,"bottom":true}},"list":{"title":"Columns","type":"listbox","items":[{"label":"First Name","uid":"1621422679496-964-15"},{"label":"Last Name","uid":"1621422679496-374-1"},{"label":"Mobile","uid":"1621422679496-74-2"}]},"showFilter":{"title":"Show filter","type":"checkbox","value":false},"hide_footer":{"title":"Hide footer","type":"checkbox","value":false},"rowsPerPage":{"title":"Rows per page","type":"text","value":10},"NumOfMaxRows":{"title":"Max rows","type":"text","value":""},"add_level":{"value":true},"allowView":{"title":"Allow view","value":false},"allowEdit":{"title":"Allow edit","value":true},"allowEditInline":{"title":"Allow inline editing","value":true},"useLocalTimezone":{"title":"Use local timezone","value":false},"allowAdd":{"title":"Allow add","value":true},"allowRemove":{"title":"Allow delete","value":false},"allowExport":{"title":"Allow export","value":false},"allowSummary":{"title":"Allow summary","value":false},"showRowNumber":{"title":"Show row number","value":false},"allowGroupBy":{"title":"Allow group by","type":"checkbox","value":false},"enableCustomActions":{"title":"Custom actions","value":false},"dateFormat":{"value":""},"field_id":{"value":true,"id":"fld15"},"isSetOrder":true,"page":2,"subIndex":0,"selectedLevel":"1621422679496-799-01","tableCaptions":{"headEdit":"Edit","headDelete":"Delete","headNextLevel":"Next level","captionEdit":"edit","captionDelete":"Delete","captionNextLevel":">>>","buttonAdd":"Add","buttonAddTooltip":"Add","buttonBack":"< Previous Level","buttonBackTooltip":"Back","messageGoodJob":"Great job!","messageOoops":"Ooops...","messageAreYouSure":"Are you sure ?","buttonDelete":"Delete","buttonCancel":"Cancel","updateModalTitleUpdate":"Update","updateModalButtonUpdate":"Update","updateModalButtonClose":"Cancel","addModalButtonClose":"Cancel","addModalButtonAdd":"Add","addModalTitleAdd":"Add","buttonExport":"Export","buttonExportTooltip":"Export","headView":"View","captionView":"View","viewModalTitleView":"View","viewModalButtonClose":"Close","isMandatory":"is mandatory field","saving":"Saving ...","inlineSave":"Save","messageRows":"rows","rowNumber":"#"},"levelIndex":0,"isSorted":false,"styles":{"Table-1621422679496-504-14":{"element":{"font-family":"Verdana, Geneva, sans-serif","font-size":"16px","color":"rgba(97,97,97,1)","padding-left":"0px","size":"custom","width":"734px","height":"451px","border-style":"solid","border-width":"1px","border-color":"rgba(184,178,178,1)","border-radius":"6px","padding-right":"0px","margin-left":0,"margin-right":0,"margin-top":0,"margin-bottom":0},"container":{},"options":{"font-size":"16","fontUnit":"px","font":{"unit":"px"},"widthUnit":"px","heightUnit":"px"},"type":"GeneralElement","label":{}},"Container-1621422679496-504-14":{"options":{"top":104,"left":133,"width":400,"taborder":15},"container":{}}},"configureLevels":{"1621422679496-799-01":true},"tag_value":"LeadsTable"},"isNew":true,"uid":"1621422679496-504-14","visible":"hide","FieldTypeID":61,"FieldTypeName":"Table","FieldTypeDescription":"Table","FieldTypeIsDataContainer":0,"FieldTypeIsForForm":1,"FieldTypeIsForReport":0,"FieldTypeConditionType":null,"FieldTypeIsBasic":0,"FieldTypeOrder":11,"FieldTypeIsLabelAssociated":0,"FieldTypeFormBuilderType":3,"FieldTypeReportBuilderType":0,"row":5,"storedSize":{"styles":{"width":734,"height":451}},"hidePreview":false,"className":"Table-1621422679496-504-14","classUID":"1621422679496-504-14"},{"properties":{"type":{"title":"Button Type:","type":"select","value":"Go Prev","options":["submit","reset","print","draft","dummy","Salesforce Action","Visual Composer","Go Prev","Go Next","Go to page","Reset signature","Modal signature","Condition","SmartV Logout","Redirect","SSO Logout","XML Parser","Twilio","Close Twilio","Refresh Location","Barcode Scanner","AllScripts"]},"align":{"title":"Button align","type":"select","value":"auto","options":["auto","left","center","right"]},"user_tip":{"title":"User tip","type":"text","value":""},"img_btn_url":{"title":"Choose BackGround Image","type":"imageBackground","value":"","src":""},"default":{"title":"Button text","type":"text","value":"Prev"},"admin_field_only":{"title":"Admin Field","type":"checkbox","value":false},"unique_value":{"title":"Unique value","type":"checkbox","value":false},"confirmation_mode":{"title":"Confirmation mode","type":"checkbox","value":false},"onclick_action":{"title":"On click action","type":"checkbox","value":false},"prop_disabled":{"value":true},"field_id":{"value":true,"id":"fld17"},"isSetOrder":true,"page":2,"subIndex":1,"styles":{"Container-1621422848214-80-16":{"options":{"top":619,"left":155,"width":250,"taborder":17},"container":{}}}},"isNew":true,"uid":"1621422848214-80-16","visible":"hide","FieldTypeID":20,"FieldTypeName":"Button","FieldTypeDescription":"a press-able item for submitting the form, clearing it or printing","FieldTypeIsDataContainer":0,"FieldTypeIsForForm":1,"FieldTypeIsForReport":0,"FieldTypeConditionType":null,"FieldTypeIsBasic":0,"FieldTypeOrder":14,"FieldTypeIsLabelAssociated":0,"FieldTypeFormBuilderType":0,"FieldTypeReportBuilderType":null,"subtype":"CustomButton","row":7,"storedSize":{"styles":{"width":250,"height":40}},"className":"Button-1621422848214-80-16","classUID":"1621422848214-80-16","hidePreview":false},{"properties":{"type":{"title":"Button Type:","type":"select","value":"Salesforce Action","options":["submit","reset","print","draft","dummy","Salesforce Action","Visual Composer","Go Prev","Go Next","Go to page","Reset signature","Modal signature","Condition","SmartV Logout","Redirect","SSO Logout","XML Parser","Twilio","Close Twilio","Refresh Location","Barcode Scanner","AllScripts"]},"align":{"title":"Button align","type":"select","value":"auto","options":["auto","left","center","right"]},"user_tip":{"title":"User tip","type":"text","value":""},"img_btn_url":{"title":"Choose BackGround Image","type":"imageBackground","value":"","src":""},"default":{"title":"Button text","type":"text","value":"Next"},"admin_field_only":{"title":"Admin Field","type":"checkbox","value":false},"unique_value":{"title":"Unique value","type":"checkbox","value":false},"confirmation_mode":{"title":"Confirmation mode","type":"checkbox","value":false},"onclick_action":{"title":"On click action","type":"checkbox","value":false},"prop_disabled":{"value":true},"field_id":{"value":true,"id":"fld18"},"isSetOrder":true,"page":2,"subIndex":1,"styles":{"Container-1621422863028-764-17":{"options":{"top":619,"left":560,"width":250,"taborder":18},"container":{}}},"pushActions":{"items":{},"goToPage":"next"}},"isNew":true,"uid":"1621422863028-764-17","visible":"hide","FieldTypeID":20,"FieldTypeName":"Button","FieldTypeDescription":"a press-able item for submitting the form, clearing it or printing","FieldTypeIsDataContainer":0,"FieldTypeIsForForm":1,"FieldTypeIsForReport":0,"FieldTypeConditionType":null,"FieldTypeIsBasic":0,"FieldTypeOrder":14,"FieldTypeIsLabelAssociated":0,"FieldTypeFormBuilderType":0,"FieldTypeReportBuilderType":null,"subtype":"CustomButton","row":8,"storedSize":{"styles":{"width":250,"height":40}},"className":"Button-1621422863028-764-17","classUID":"1621422863028-764-17","hidePreview":false},{"properties":{"type":{"title":"Button Type:","type":"select","value":"Salesforce Action","options":["submit","reset","print","draft","dummy","Salesforce Action","Visual Composer","Go Prev","Go Next","Go to page","Reset signature","Modal signature","Condition","SmartV Logout","Redirect","SSO Logout","XML Parser","Twilio","Close Twilio","Refresh Location","Barcode Scanner","AllScripts"]},"align":{"title":"Button align","type":"select","value":"auto","options":["auto","left","center","right"]},"user_tip":{"title":"User tip","type":"text","value":""},"img_btn_url":{"title":"Choose BackGround Image","type":"imageBackground","value":"","src":""},"default":{"title":"Button text","type":"text","value":"Show Leads"},"admin_field_only":{"title":"Admin Field","type":"checkbox","value":false},"unique_value":{"title":"Unique value","type":"checkbox","value":false},"confirmation_mode":{"title":"Confirmation mode","type":"checkbox","value":false},"onclick_action":{"title":"On click action","type":"checkbox","value":false},"prop_disabled":{"value":true},"field_id":{"value":true,"id":"fld26"},"isSetOrder":true,"page":2,"subIndex":1,"pushActions":{"items":{"1621422742937-560-752":{"uid":"1621422742937-560-752","label":"Lead (get) ","isGetIntegration":true}}},"styles":{"Container-1621424358925-880-25":{"options":{"top":25,"left":361,"width":250,"taborder":26},"container":{}}}},"isNew":true,"uid":"1621424358925-880-25","visible":"hide","FieldTypeID":20,"FieldTypeName":"Button","FieldTypeDescription":"a press-able item for submitting the form, clearing it or printing","FieldTypeIsDataContainer":0,"FieldTypeIsForForm":1,"FieldTypeIsForReport":0,"FieldTypeConditionType":null,"FieldTypeIsBasic":0,"FieldTypeOrder":14,"FieldTypeIsLabelAssociated":0,"FieldTypeFormBuilderType":0,"FieldTypeReportBuilderType":null,"subtype":"CustomButton","row":9,"storedSize":{"styles":{"width":250,"height":40}},"className":"Button-1621424358925-880-25","classUID":"1621424358925-880-25","hidePreview":false},{"properties":{"label":{"title":"Label","type":"text","value":"Page","isHidden":{"top":false,"left":true,"right":true,"bottom":true}},"pager_text":{"title":"Pager text","type":"text","value":"Page"},"back_button":{"title":"Back button","type":"text","value":"Back"},"next_button":{"title":"Next button","type":"text","value":"Next"},"finish_button":{"title":"Finish button","type":"text","value":"Finish"},"label_align":{"title":"Label align","type":"select","value":"auto","options":["auto","left","center","right"]},"hide_label":{"title":"Hide Label","type":"checkbox","value":false,"keys":{"label":true,"label_align":true}},"name":{"type":"text","title":"Name","hide":true,"value":""},"page":{"hide":true,"value":2},"default":{"title":"Value","type":"text","value":"","hide":true},"header":{"title":"Edit Header","type":"ins_button"},"footer":{"title":"Edit Footer","type":"ins_button"},"sticky":{"title":"Sticky to footer","value":true},"hideFinish":{"title":"Hide finish button","value":false},"progress_indicator":{"title":"Show progress indicator","type":"checkbox","value":false},"pagebreak_path":{"title":"Show path","type":"checkbox","value":false},"condition":{"value":true},"skip_validations":{"title":"Skip validations","type":"checkbox","value":false},"disable_path_links":{"title":"Disable path links","type":"checkbox","value":false},"isSetOrder":true,"field_id":{"id":"fld4"},"styles":{"Container-1621422190859-744-4":{"options":{"top":640,"left":306,"width":600,"taborder":2},"container":{}}}},"isNew":true,"visible":"hide","FieldTypeID":30,"FieldTypeName":"PageBreak","FieldTypeDescription":"an element that divides the form into pages","FieldTypeIsDataContainer":0,"FieldTypeIsForForm":1,"FieldTypeIsForReport":0,"FieldTypeConditionType":null,"FieldTypeIsBasic":0,"FieldTypeOrder":12,"FieldTypeIsLabelAssociated":0,"FieldTypeFormBuilderType":1,"FieldTypeReportBuilderType":null,"row":1,"storedSize":{"styles":{"width":1000,"height":57}},"hidePreview":false,"className":"PageBreak-1621422190859-744-4","classUID":"1621422190859-744-4","isNext":false,"uid":"1621422190859-744-4"},{"properties":{"label":{"title":"Label","type":"text","value":"Section","isHidden":{"top":false,"left":true,"right":true,"bottom":true}},"columns":{"type":"select","title":"Columns","value":2,"options":[1,2,3,4]},"section_rows":{"type":"select","title":"Rows","value":1,"options":[1,2,3,4,5,6,7,8,9,10]},"elements":{"hide":true,"value":[[[{"properties":{"fieldtype":"string","label":{"title":"Label","type":"text","value":"Fill this to Show next section","isHidden":{"top":false,"left":true,"right":true,"bottom":true}},"placeholder_field":{"title":"Placeholder","type":"text","value":""},"default":{"id":"textbox","title":"Default value","type":"text","value":"","data":true,"hide":false},"placeholder":{"value":"","check":true},"is_mandatory":{"title":"Mandatory","type":"checkbox","value":false},"user_tip":{"title":"User tip","type":"text","value":""},"admin_field_only":{"title":"Admin Field","type":"checkbox","value":false},"unique_value":{"title":"Unique value","type":"checkbox","value":false},"limit_chars":{"title":"Maximum Length","type":"text"},"valuerule":{"value":true},"condition":{"value":true},"size":{"value":"large","hide":true},"field_id":{"title":"Field ID","value":true,"id":"fld20"},"mask":{"title":"Field mask","type":"text","value":""},"use_mask_value":{"title":"Use mask value","type":"checkbox","value":false},"clear_mask_placeholder":{"title":"Auto clear placeholder","type":"checkbox","value":false},"autofocus":{"title":"Auto Focus","type":"checkbox","value":false},"password_mode":{"title":"Password mode","type":"checkbox","value":false},"numeric_keyboard":{"title":"Numeric keyboard","type":"checkbox","value":false},"decode_special_chars":{"title":"Decode special chars","type":"checkbox","value":false},"isSetOrder":true,"page":11,"subIndex":1,"styles":{"Container-1621423029525-719-19":{"options":{"top":28,"left":94,"width":250,"taborder":20},"container":{}}},"enabledFloatingLabel":false},"isNew":true,"uid":"1621423029525-719-19","visible":"show","FieldTypeID":2,"FieldTypeName":"Textbox","FieldTypeDescription":"input box for entering alphanumeric data","FieldTypeIsDataContainer":1,"FieldTypeIsForForm":1,"FieldTypeIsForReport":0,"FieldTypeConditionType":1,"FieldTypeIsBasic":1,"FieldTypeOrder":3,"FieldTypeIsLabelAssociated":1,"FieldTypeFormBuilderType":0,"FieldTypeReportBuilderType":null,"row":11,"storedSize":{"styles":{"width":250,"height":88}},"parentSectionUID":"1621423017992-338-18","hidePreview":false,"className":"Textbox-1621423029525-719-19","classUID":"1621423029525-719-19","rules":[{"rule_order":1,"description":"","result":[{"uid":"1621423044660-981-20","status":"show"}],"conditions":[{"operator":"isnotempty","value":null,"postCondition":"","startBracelet":false,"endBracelet":false,"fieldsMode":""}],"processOppositeRule":true,"forceExecution":false}]},{"properties":{"fieldtype":"datetime","label":{"title":"Label","type":"text","value":"Not mapped new","isHidden":{"top":false,"left":true,"right":true,"bottom":true}},"show_mask":{"title":"Show mask","type":"checkbox","value":true},"is_mandatory":{"title":"Mandatory","type":"checkbox","value":false},"user_tip":{"title":"User tip","type":"text","value":""},"format":{"title":"Format","type":"select","value":"MM/dd/yyyy","options":["MM/dd/yyyy","dd/MM/yyyy"]},"time_format":{"title":"Time Format","type":"select","value":"12","options":["24","12"]},"label_align":{"title":"Label align","type":"select","value":"auto","options":["auto","left","center","right"]},"hide_label":{"title":"Hide Label","type":"checkbox","value":false,"keys":{"label":true,"label_align":true}},"align":{"title":"DateTime align","type":"select","value":"auto","options":["auto","left","center","right"]},"admin_field_only":{"title":"Admin Field","type":"checkbox","value":false},"time":{"id":"time","title":"Time","value":{"hours":"","minutes":""},"hide":true},"setCurrentTime":{"type":"checkbox","value":false},"defaultYear":{"title":"Default Year","type":"text","value":""},"default":{"id":"datetime","title":"Default value","type":"date","hide":true,"data":true},"unique_value":{"title":"Unique value","type":"checkbox","value":false},"valuerule":{"value":true},"condition":{"value":true},"field_id":{"value":true,"advance":true,"id":"fld31"},"split_mode":{"title":"Split mode","type":"checkbox","value":false},"use_utc":{"title":"UTC mode","type":"checkbox","value":false},"isSetOrder":true,"page":15,"subIndex":1,"styles":{"Container-1621426420067-709-30":{"options":{"top":106,"left":10,"width":510,"taborder":31},"container":{}}}},"isNew":true,"uid":"1621426420067-709-30","visible":"show","FieldTypeID":9,"FieldTypeName":"DateTime","FieldTypeDescription":"a ready made element combined from 2 fields:date and time","FieldTypeIsDataContainer":1,"FieldTypeIsForForm":1,"FieldTypeIsForReport":0,"FieldTypeConditionType":3,"FieldTypeIsBasic":1,"FieldTypeOrder":3,"FieldTypeIsLabelAssociated":1,"FieldTypeFormBuilderType":1,"FieldTypeReportBuilderType":1,"row":15,"storedSize":{"styles":{"width":510,"height":156}},"parentSectionUID":"1621423017992-338-18","hidePreview":false,"className":"DateTime-1621426420067-709-30","classUID":"1621426420067-709-30"}],[]]]},"repeat":{"title":"Repeated","type":"checkbox","value":false,"origin":true},"enable_tabs":{"title":"Enable Tabs","type":"checkbox","items":[],"value":false},"enable_collapse":{"title":"Enable Collapse","type":"checkbox","label":"Open section","expand":"+","collapse":"-","items":[],"value":false},"AddButtonText":{"title":"Add Button Text","type":"text","value":"Add"},"RemoveButtonText":{"title":"Remove Button Text","type":"text","value":"Remove"},"field_id":{"value":true,"id":"fld19"},"num_of_display":{"title":"Num of visible items","type":"text","value":1},"half_view":{"title":"Half view","type":"checkbox","value":false},"num_of_max_items":{"title":"Max items","type":"text","value":0},"space_between_sections":{"title":"Repeat margin","type":"number","value":30},"populate_items_tabs":{"title":"Populate items","type":"checkbox","items":[],"value":false},"show_item_number":{"title":"Show item number","type":"checkbox","items":[],"value":false},"show_label":{"title":"Show label","type":"checkbox","items":[],"value":false},"show_remove_last":{"title":"Show remove for last","type":"checkbox","items":[],"value":false},"update_origin_data":{"title":"Repeat mapped data","type":"checkbox","items":[],"value":false},"infinite_scroll_mode":{"title":"Infinite scroll mode","type":"checkbox","items":[],"value":false},"overflow_scroll":{"title":"Overflow - scroll","type":"checkbox","value":false},"auto_size":{"title":"Auto-Sizing","type":"checkbox","value":false},"collapse_by_default":{"title":"Collapse by default","type":"checkbox","value":false},"break_by":{"title":"Break by","type":"checkbox","value":false},"break_by_label":{"title":"Use Label of break by from","type":"checkbox","value":false},"section_map_tab_name":{"title":"Map Tab name to","type":"checkbox","value":false},"conditional_size":{"title":"Conditional size","type":"checkbox","value":false},"force_LTR_label":{"title":"Force LTR text","type":"checkbox","value":false},"isSetOrder":true,"page":3,"subIndex":1,"styles":{"Container-1621423017992-338-18":{"options":{"top":22,"left":130,"width":200,"taborder":19,"widthUnit":"px","heightUnit":"px"},"container":{"background-color":"rgba(240,240,240,1)","width":"531px","height":"284px"},"element":{"width":"200px","height":"200px","size":"custom","background-color":"rgba(240,240,240,1)"}}}},"isNew":true,"uid":"1621423017992-338-18","visible":"hide","FieldTypeID":29,"FieldTypeName":"Section","FieldTypeDescription":"like what we did + it got label, dont got mandatory..","FieldTypeIsDataContainer":0,"FieldTypeIsForForm":1,"FieldTypeIsForReport":0,"FieldTypeConditionType":null,"FieldTypeIsBasic":0,"FieldTypeOrder":11,"FieldTypeIsLabelAssociated":0,"FieldTypeFormBuilderType":1,"FieldTypeReportBuilderType":1,"row":10,"storedSize":{"styles":{"width":531,"height":284}},"hidePreview":false,"className":"Section-1621423017992-338-18"},{"properties":{"label":{"title":"Label","type":"text","value":"Section","isHidden":{"top":false,"left":true,"right":true,"bottom":true}},"columns":{"type":"select","title":"Columns","value":2,"options":[1,2,3,4]},"section_rows":{"type":"select","title":"Rows","value":1,"options":[1,2,3,4,5,6,7,8,9,10]},"elements":{"hide":true,"value":[[[{"properties":{"default":{"title":"Text","type":"text","value":"Some label text here"},"autofocus":{"title":"Auto Focus","type":"checkbox","value":false},"user_tip":{"title":"User tip","type":"text","value":""},"field_id":{"value":true,"id":"fld22"},"force_LTR":{"title":"Force LTR text","type":"checkbox","value":false},"isSetOrder":true,"page":12,"subIndex":1,"styles":{"Label-1621423052174-218-21":{"element":{"font-family":"Verdana, Geneva, sans-serif","font-size":"16px","color":"rgba(0,0,0,1)","size":"custom"},"container":{},"options":{"font-size":"16","fontUnit":"px","font":{"unit":"px"}},"type":"GeneralElement"},"Container-1621423052174-218-21":{"options":{"top":15,"left":48,"width":133,"taborder":22},"container":{}}}},"isNew":true,"uid":"1621423052174-218-21","visible":"show","FieldTypeID":1,"FieldTypeName":"Label","FieldTypeDescription":"short text for description","FieldTypeIsDataContainer":0,"FieldTypeIsForForm":1,"FieldTypeIsForReport":1,"FieldTypeConditionType":null,"FieldTypeIsBasic":1,"FieldTypeOrder":1,"FieldTypeIsLabelAssociated":0,"FieldTypeFormBuilderType":0,"FieldTypeReportBuilderType":0,"row":12,"storedSize":{"styles":{"width":169,"height":22}},"parentSectionUID":"1621423044660-981-20","className":"Label-1621423052174-218-21","classUID":"1621423052174-218-21","hidePreview":false},{"properties":{"fieldtype":"string","disabled":{"hide":true,"value":true},"label":{"title":"Label","type":"text","value":"Full Name not mapped new field","isHidden":{"top":false,"left":true,"right":true,"bottom":true}},"is_mandatory":{"title":"Mandatory","type":"checkbox","value":false},"user_tip":{"title":"User tip","type":"text","value":""},"label_align":{"title":"Label align","type":"select","value":"auto","options":["auto","left","center","right"]},"hide_label":{"title":"Hide Label","type":"checkbox","value":false,"keys":{"label":true,"label_align":true}},"align":{"title":"FullName align","type":"select","value":"auto","options":["auto","left","center","right"]},"admin_field_only":{"title":"Admin Field","type":"checkbox","value":false},"FirstName":{"id":"FirstName","title":"First Name","type":"text","value":"","hide":false,"data":true},"firstname_placeholder":{"title":"Placeholder (First Name)","value":"First Name","type":"text"},"autofocus":{"title":"Auto Focus","type":"checkbox","value":false},"LastName":{"id":"LastName","title":"Last Name","type":"text","value":"","hide":false,"data":true},"lastname_placeholder":{"title":"Placeholder (Last Name)","value":"Last Name","type":"text"},"default":{"title":"Default value","type":"text","value":"","hide":true},"unique_value":{"title":"Unique value","type":"checkbox","value":false},"valuerule":{"value":true},"condition":{"value":true},"field_id":{"value":true,"advance":true,"id":"fld32"},"isSetOrder":true,"page":15,"subIndex":1,"styles":{"Container-1621426460625-708-31":{"options":{"top":53,"left":10,"width":510,"taborder":32},"container":{}}}},"isNew":true,"uid":"1621426460625-708-31","visible":"show","FieldTypeID":17,"FieldTypeName":"FullName","FieldTypeDescription":"a ready made element combined from 2 fields: last name and first name","FieldTypeIsDataContainer":1,"FieldTypeIsForForm":1,"FieldTypeIsForReport":0,"FieldTypeConditionType":1,"FieldTypeIsBasic":1,"FieldTypeOrder":2,"FieldTypeIsLabelAssociated":1,"FieldTypeFormBuilderType":1,"FieldTypeReportBuilderType":null,"row":15,"storedSize":{"styles":{"width":510,"height":88}},"parentSectionUID":"1621423044660-981-20","hidePreview":false,"className":"FullName-1621426460625-708-31","classUID":"1621426460625-708-31"}],[]]]},"repeat":{"title":"Repeated","type":"checkbox","value":false,"origin":true},"enable_tabs":{"title":"Enable Tabs","type":"checkbox","items":[],"value":false},"enable_collapse":{"title":"Enable Collapse","type":"checkbox","label":"Open section","expand":"+","collapse":"-","items":[],"value":false},"AddButtonText":{"title":"Add Button Text","type":"text","value":"Add"},"RemoveButtonText":{"title":"Remove Button Text","type":"text","value":"Remove"},"field_id":{"value":true,"id":"fld21"},"num_of_display":{"title":"Num of visible items","type":"text","value":1},"half_view":{"title":"Half view","type":"checkbox","value":false},"num_of_max_items":{"title":"Max items","type":"text","value":0},"space_between_sections":{"title":"Repeat margin","type":"number","value":30},"populate_items_tabs":{"title":"Populate items","type":"checkbox","items":[],"value":false},"show_item_number":{"title":"Show item number","type":"checkbox","items":[],"value":false},"show_label":{"title":"Show label","type":"checkbox","items":[],"value":false},"show_remove_last":{"title":"Show remove for last","type":"checkbox","items":[],"value":false},"update_origin_data":{"title":"Repeat mapped data","type":"checkbox","items":[],"value":false},"infinite_scroll_mode":{"title":"Infinite scroll mode","type":"checkbox","items":[],"value":false},"overflow_scroll":{"title":"Overflow - scroll","type":"checkbox","value":false},"auto_size":{"title":"Auto-Sizing","type":"checkbox","value":false},"collapse_by_default":{"title":"Collapse by default","type":"checkbox","value":false},"break_by":{"title":"Break by","type":"checkbox","value":false},"break_by_label":{"title":"Use Label of break by from","type":"checkbox","value":false},"section_map_tab_name":{"title":"Map Tab name to","type":"checkbox","value":false},"conditional_size":{"title":"Conditional size","type":"checkbox","value":false},"force_LTR_label":{"title":"Force LTR text","type":"checkbox","value":false},"isSetOrder":true,"page":3,"subIndex":1,"styles":{"Container-1621423044660-981-20":{"options":{"top":338,"left":129,"width":200,"taborder":21,"widthUnit":"px","heightUnit":"px"},"container":{"background-color":"rgba(240,240,240,1)","width":"531px","height":"200px"},"element":{"width":"200px","height":"200px","size":"custom","background-color":"rgba(240,240,240,1)"}}},"tag_value":"SectionToHide"},"isNew":true,"uid":"1621423044660-981-20","visible":"hide","FieldTypeID":29,"FieldTypeName":"Section","FieldTypeDescription":"like what we did + it got label, dont got mandatory..","FieldTypeIsDataContainer":0,"FieldTypeIsForForm":1,"FieldTypeIsForReport":0,"FieldTypeConditionType":null,"FieldTypeIsBasic":0,"FieldTypeOrder":11,"FieldTypeIsLabelAssociated":0,"FieldTypeFormBuilderType":1,"FieldTypeReportBuilderType":1,"row":11,"storedSize":{"styles":{"width":531,"height":200}},"hidePreview":false,"className":"Section-1621423044660-981-20"},{"properties":{"type":{"title":"Button Type:","type":"select","value":"submit","options":["submit","reset","print","draft","dummy","Salesforce Action","Visual Composer","Go Prev","Go Next","Go to page","Reset signature","Modal signature","Condition","SmartV Logout","Redirect","SSO Logout","XML Parser","Twilio","Close Twilio","Refresh Location","Barcode Scanner","AllScripts"]},"align":{"title":"Button align","type":"select","value":"auto","options":["auto","left","center","right"]},"user_tip":{"title":"User tip","type":"text","value":""},"img_btn_url":{"title":"Choose BackGround Image","type":"imageBackground","value":"","src":""},"default":{"title":"Button text","type":"text","value":"Submit File"},"admin_field_only":{"title":"Admin Field","type":"checkbox","value":false},"unique_value":{"title":"Unique value","type":"checkbox","value":false},"confirmation_mode":{"title":"Confirmation mode","type":"checkbox","value":false},"onclick_action":{"title":"On click action","type":"checkbox","value":false},"prop_disabled":{"value":true},"field_id":{"value":true,"id":"fld24"},"isSetOrder":true,"page":3,"subIndex":1,"styles":{"Container-1621423515802-370-23":{"options":{"top":587,"left":495,"width":250,"taborder":24},"container":{}},"Button-1621423515802-370-23":{"element":{"background-color":"rgba(255,255,255,1)"}}}},"isNew":true,"uid":"1621423515802-370-23","visible":"hide","FieldTypeID":20,"FieldTypeName":"Button","FieldTypeDescription":"a press-able item for submitting the form, clearing it or printing","FieldTypeIsDataContainer":0,"FieldTypeIsForForm":1,"FieldTypeIsForReport":0,"FieldTypeConditionType":null,"FieldTypeIsBasic":0,"FieldTypeOrder":14,"FieldTypeIsLabelAssociated":0,"FieldTypeFormBuilderType":0,"FieldTypeReportBuilderType":null,"subtype":"CustomButton","row":12,"storedSize":{"styles":{"width":250,"height":40}},"className":"Button-1621423515802-370-23","classUID":"1621423515802-370-23","hidePreview":false},{"properties":{"type":{"title":"Button Type:","type":"select","value":"Go Prev","options":["submit","reset","print","draft","dummy","Salesforce Action","Visual Composer","Go Prev","Go Next","Go to page","Reset signature","Modal signature","Condition","SmartV Logout","Redirect","SSO Logout","XML Parser","Twilio","Close Twilio","Refresh Location","Barcode Scanner","AllScripts"]},"align":{"title":"Button align","type":"select","value":"auto","options":["auto","left","center","right"]},"user_tip":{"title":"User tip","type":"text","value":""},"img_btn_url":{"title":"Choose BackGround Image","type":"imageBackground","value":"","src":""},"default":{"title":"Button text","type":"text","value":"Prev"},"admin_field_only":{"title":"Admin Field","type":"checkbox","value":false},"unique_value":{"title":"Unique value","type":"checkbox","value":false},"confirmation_mode":{"title":"Confirmation mode","type":"checkbox","value":false},"onclick_action":{"title":"On click action","type":"checkbox","value":false},"prop_disabled":{"value":true},"field_id":{"value":true,"id":"fld25"},"isSetOrder":true,"page":3,"subIndex":1,"styles":{"Container-1621423537462-336-24":{"options":{"top":587,"left":157,"width":250,"taborder":25},"container":{}}}},"isNew":true,"uid":"1621423537462-336-24","visible":"hide","FieldTypeID":20,"FieldTypeName":"Button","FieldTypeDescription":"a press-able item for submitting the form, clearing it or printing","FieldTypeIsDataContainer":0,"FieldTypeIsForForm":1,"FieldTypeIsForReport":0,"FieldTypeConditionType":null,"FieldTypeIsBasic":0,"FieldTypeOrder":14,"FieldTypeIsLabelAssociated":0,"FieldTypeFormBuilderType":0,"FieldTypeReportBuilderType":null,"subtype":"CustomButton","row":13,"storedSize":{"styles":{"width":250,"height":40}},"className":"Button-1621423537462-336-24","classUID":"1621423537462-336-24","hidePreview":false},{"properties":{"key":{"title":"Name","type":"text","value":"Opportunity Id for document"},"use_system_value":{"value":""},"use_value_from":{"title":"Use value from","type":"text","value":"","placeholder":"Please type field id, eg fld12"},"value":{"title":"Value","type":"text","value":"0064L000006BTn5QAG"},"field_id":{"value":true,"id":"fld36"},"isSetOrder":true,"page":3,"subIndex":1,"styles":{"Container-1621427039440-640-35":{"options":{"top":244,"left":686,"width":250,"taborder":36},"container":{}}}},"isNew":true,"uid":"1621427039440-640-35","visible":"hide","FieldTypeID":35,"FieldTypeName":"Hidden","FieldTypeDescription":"name,value propertesonly, it will be hidden from users,will be post to server","FieldTypeIsDataContainer":1,"FieldTypeIsForForm":1,"FieldTypeIsForReport":0,"FieldTypeConditionType":1,"FieldTypeIsBasic":0,"FieldTypeOrder":8,"FieldTypeIsLabelAssociated":0,"FieldTypeFormBuilderType":1,"FieldTypeReportBuilderType":null,"row":16,"storedSize":{"styles":{"width":250,"height":40}},"className":"Hidden-1621427039440-640-35","classUID":"1621427039440-640-35","hidePreview":false},{"properties":{"label":{"title":"Label","type":"text","value":"Page","isHidden":{"top":false,"left":true,"right":true,"bottom":true}},"pager_text":{"title":"Pager text","type":"text","value":"Page"},"back_button":{"title":"Back button","type":"text","value":"Back"},"next_button":{"title":"Next button","type":"text","value":"Next"},"finish_button":{"title":"Finish button","type":"text","value":"Finish"},"label_align":{"title":"Label align","type":"select","value":"auto","options":["auto","left","center","right"]},"hide_label":{"title":"Hide Label","type":"checkbox","value":false,"keys":{"label":true,"label_align":true}},"name":{"type":"text","title":"Name","hide":true,"value":""},"page":{"hide":true,"value":3},"default":{"title":"Value","type":"text","value":"","hide":true},"header":{"title":"Edit Header","type":"ins_button"},"footer":{"title":"Edit Footer","type":"ins_button"},"sticky":{"title":"Sticky to footer","value":true},"hideFinish":{"title":"Hide finish button","value":false},"progress_indicator":{"title":"Show progress indicator","type":"checkbox","value":false},"pagebreak_path":{"title":"Show path","type":"checkbox","value":false},"condition":{"value":true},"skip_validations":{"title":"Skip validations","type":"checkbox","value":false},"disable_path_links":{"title":"Disable path links","type":"checkbox","value":false},"isSetOrder":true,"field_id":{"id":"fld6"},"styles":{"Container-1621422191802-535-6":{"options":{"top":640,"left":306,"width":600,"taborder":2},"container":{}}}},"isNew":true,"visible":"hide","FieldTypeID":30,"FieldTypeName":"PageBreak","FieldTypeDescription":"an element that divides the form into pages","FieldTypeIsDataContainer":0,"FieldTypeIsForForm":1,"FieldTypeIsForReport":0,"FieldTypeConditionType":null,"FieldTypeIsBasic":0,"FieldTypeOrder":12,"FieldTypeIsLabelAssociated":0,"FieldTypeFormBuilderType":1,"FieldTypeReportBuilderType":null,"row":1,"storedSize":{"styles":{"width":1000,"height":57}},"hidePreview":false,"className":"PageBreak-1621422191802-535-6","classUID":"1621422191802-535-6","isNext":false,"uid":"1621422191802-535-6"}],[],[],[]],"customEmailToFormOwner":{"isCustomEmailToFormOwner":false,"expression":"","expression_text":""},"additionalEmails":false,"customEmailFormat":{"isCustomEmail":false,"expression":"","expression_text":""},"isReplyToEmail":false,"replyToEmail":"","additionalEmailsList":"","additional_mails":"","custom_mail_format":"","redirect_url":"","redirectToUrl":false,"confirmation_text":"","confirmationText":true,"form_time_zone":2,"auto_translation":false,"delete_button_with_confirmation":"","user_notice":false,"unique_submission":false,"quota_limit":false,"quota_limit_count":0,"availableDateFrom":"2021-05-19T11:02:46.651Z","availableDateTo":"2021-05-19T11:02:46.651Z","availableFromTo":false,"disable":false,"acceleration":false,"chats":false,"heatmap":false,"randomize":false,"save2db":false,"autotranslate":false,"google_prediction":false,"geo_ip":false,"abTestingEnable":false,"typeOfForm":-1,"rules":[],"valueRule":[],"formUrlExtension":"ft60f936af1621431083809_copy","validIndicator":true,"errorIndicator":true,"dontSaveData":false,"generateBarCode":false,"usability":false,"seo":{"title":"","description":"","keywords":""},"submit":{"value":"Submit Form"},"securedLogo":false,"autocorrectForMobile":false,"customSubject":{"expression":null,"expression_text":null,"showEditor":false},"customHeader":{"expression":null,"expression_text":null,"showEditor":false},"customFooter":{"expression":null,"expression_text":null,"showEditor":false},"direction":{"isChecked":false,"value":"ltr"},"styles":{"Form":{"element":{"options":{"margin-left":0,"margin-right":0,"margin-top":"10px","margin-bottom":0},"box-shadow":"","snapToGrid":false,"font-family":"Verdana, Geneva, sans-serif","color":"rgba(10,0,0,1)","background-color":"rgba(255,255,255,0.76)","size":"custom","width":"1000px","display":"block","border-style":"none","height":"820px","drag_x":"40","drag_y":"40"},"options":{"isImage":false,"defaultImgObj":[],"widthUnit":"px","heightUnit":"px","asterix":{"color":""},"shadowBox":"10px 20px 30px "},"container":{"text-align":"center"}}},"panelSettings":{"toolbar":{"isHide":true}},"PageBreak":{"header":"","footer":""},"ver":2,"abTestingConfig":{"forms":[]},"footer":{"elements":[{"FieldTypeName":"Button","properties":{"type":{"title":"Button Type:","type":"select","value":"submit","options":["submit","reset","print","draft","dummy","Salesforce Action","Visual Composer","Go Prev","Go Next","Go to page","Reset signature","Modal signature","Condition","SmartV Logout","Redirect","SSO Logout","XML Parser","Twilio","Close Twilio","Refresh Location","Barcode Scanner"]},"align":{"title":"Button align","type":"select","value":"auto","options":["auto","left","center","right"]},"user_tip":{"title":"User tip","type":"text","value":""},"img_btn_url":{"title":"Choose BackGround Image","type":"imageBackground","value":"","src":""},"default":{"title":"Button text","type":"text","value":"Submit"},"admin_field_only":{"title":"Admin Field","type":"checkbox","value":false},"unique_value":{"title":"Unique value","type":"checkbox","value":false},"confirmation_mode":{"title":"Confirmation mode","type":"checkbox","value":false},"onclick_action":{"title":"On click action","type":"checkbox","value":false},"prop_disabled":{"value":true},"field_id":{"value":true}},"uid":"Footer"}],"sortableOptions":{"connectWith":".elements-list","placeholder":"placeholder-element","handle":".formElementHandle,#moveElement,.form-element","appendTo":"body","revert":"invalid","revertDuration":800,"scroll":false,"cursor":"move","delay":150}},"testing":{"list":[{"value":0,"label":"item1"},{"value":1,"label":"item2"}]},"analytics":{"viewID":""},"personalization":{"language":{"code":"en","name":"English","nativeName":"English"},"timezone":{},"geolocation":false,"submitMsg":"Submitting your form ...","showOptionalLabel":{"value":false,"label":"(Optional)"},"showMandatoryExplanation":{"value":false,"text":"* is mandatory field"}},"autofilter":false,"currentDevice":"Desktop","pagerCount":3,"pushNotify":{"items":{"fileSharing":{"googleDocs":{"id":1,"filePath":"","filePrefix":"","type":"googledoc","enabled":null},"googleSpreadsheet":{"id":1,"fileName":"","filePath":"","filePrefix":"","fileSheet":"","gridFields":{},"type":"googlespreadsheet","storePlace":0,"rows":26,"enabled":null},"googleDrive":{"id":1,"filePath":"","type":"googleDrive","enabled":null},"googleCalendar":{"id":4,"type":"googleCalendar","enabled":null,"attendee":"","startDateTime":"","endDateTime":"","summary":"","description":""},"outlookCalendar":{"id":5,"type":"outlookCalendar","enabled":null,"attendee":"","startDateTime":"","endDateTime":"","summary":"","description":""},"outlookContact":{"id":6,"type":"outlookContact","enabled":null,"gridFields":{}},"dropbox":{"id":2,"filePath":"","filePrefix":"","enabled":null},"boxnet":{"id":3,"filePath":"","filePrefix":"","enabled":null},"onedrive":{"id":7,"filePath":"","filePrefix":"","enabled":null},"ftp":{"auth":{},"id":8,"filePath":"","filePrefix":"","enabled":null},"ccda":{"id":9,"mapping":{},"enabled":null},"sfMerge":{"id":10,"enabled":null},"sfLoader":{"id":12,"enabled":null},"amazonS3":{"id":11,"enabled":null}},"crm":{"salesforce":{"id":1,"enabled":true,"gridFields":{},"mapping":{"formFields":[],"crmFields":[]},"sfListActions":[{"action":"update","gridFields":{"AccountId":"1621422532953-81-13","LastName":"1621422266515-918-10","FirstName":"1621422263765-384-9","Email":"1621422278771-843-12","MobilePhone":"1621425251029-882-27","Salutation":"1621425307720-651-29"},"uid":"1621422387619-522-968","platform":"prod","loadingMessage":"Saving....","sobject":"Contact","InsteadEmpty":{},"sobjectLabel":"Contact","updateCondition":[{"conditions":[{"name":"Id","conditionType":"string","operator":"equals","uid":"1621422229411-160-7"}]}],"anyMatch":"create","multiMatchs":"first","fieldTypes":{"AccountId":"string","LastName":"string","FirstName":"string","Salutation":"string","MobilePhone":"string","Email":"string"},"childrens":[],"isMapped":true,"forButton":true,"showLoadingMessage":true,"disableDefaultPushOrder":false,"isParentPayment":false,"isChild":false},{"action":"create","gridFields":{"Name":"custom-static","Industry":"adv-value-1621422817880-801-15"},"uid":"1621422469656-761-304","platform":"prod","loadingMessage":"Saving....","isMapped":true,"sobject":"Account","InsteadEmpty":{},"sobjectLabel":"Account","forButton":true,"showLoadingMessage":true,"customStaticFields":{"Name":{"expression":"<span contenteditable=\"false\" data-uid=\"{1621425210622-555-26}\" class=\"highlight\">Company / acc name</span>","expression_text":"{1621425210622-555-26}","uids":{"1621425210622-555-26":true}}},"actionCondition":[{"conditions":[{"operator":"isempty","value":"","uid":"1621422229411-160-7","FieldTypeConditionType":1}]}],"fieldTypes":{"Name":"string","Industry":"string"},"childrens":[],"disableDefaultPushOrder":false,"isParentPayment":false,"isChild":false},{"action":"create","gridFields":{"Title":"custom-static","FirstPublishLocationId":"1621422229411-160-7","VersionData":"word-mapping"},"uid":"1621423170995-197-220","platform":"prod","loadingMessage":"Saving....","isMapped":true,"sobject":"ContentVersion","InsteadEmpty":{},"sobjectLabel":"Files","fieldTypes":{"Title":"string","VersionData":"string","FirstPublishLocationId":"string"},"childrens":[],"customStaticFields":{"Title":{"expression":"File&nbsp;<span contenteditable=\"false\" data-uid=\"{1621422263765-384-9}\" class=\"highlight\">First Name</span>&nbsp;<span contenteditable=\"false\" data-uid=\"{1621422266515-918-10}\" class=\"highlight\">Last Name</span>","expression_text":"File&nbsp;{1621422263765-384-9}&nbsp;{1621422266515-918-10}","uids":{"1621422263765-384-9":true,"1621422266515-918-10":true}}},"disableDefaultPushOrder":false,"isParentPayment":false,"isChild":false}],"platform":"prod"},"dynamiccrm":{"id":7,"enabled":null,"gridFields":{},"mapping":{"formFields":[],"crmFields":[]},"crmListActions":[]},"solve360":{"id":2,"api":{},"segment":"","gridFields":{},"mapping":{"formFields":[],"crmFields":[]},"enabled":null},"zoho":{"id":3,"_module":"","gridFields":{},"mapping":{"formFields":[],"crmFields":[]},"enabled":null},"clinchpad":{"id":4,"segment":"","pipeline":"","lead":"","mapping":{"formFields":[],"crmFields":[]},"enabled":null},"webhook":{"id":5,"customURL":"","basicAuth":false,"user":"","password":"","enabled":null},"zapier":{"id":6,"customURL":"","enabled":null},"twilio":{"id":7,"enabled":null},"allscripts":{"id":8,"enabled":null},"nextgen":{"id":9,"enabled":null},"globalsign":{"id":10,"enabled":null},"samlsso":{"id":11,"enabled":null}},"newsLetter":{"constantContact":{"id":1,"enabled":null,"contactLists":"","list":"","gridFields":{},"mapping":{"formFields":[],"crmFields":[]}},"mailChimp":{"id":2,"enabled":null,"contactLists":"","list":"","gridFields":{},"mapping":{"formFields":[],"crmFields":[]}},"verticalResponse":{"id":3,"enabled":null,"list":"","gridFields":{},"mapping":{"formFields":[],"crmFields":[]}},"googleContact":{"id":4,"enabled":null,"group":"","gridFields":{}}},"socialmedia":{"twitter":{"id":1,"enabled":null,"data":{"content":{"text":"","expression":""}}},"facebook":{"id":2,"enabled":null,"data":{"content":{"text":"","expression":""}}},"wordpress":{"id":3,"enabled":null,"data":{"title":{"text":"","expression":""},"content":{"text":"","expression":""}}},"google":{"id":4,"enabled":null,"data":{"content":{"text":"","expression":""}}},"gemini":{"id":5,"enabled":null,"auth":{"apiURL":"","isAuth":false}},"radiusbob":{"id":6,"enabled":null,"auth":{"isAuth":false,"encrypted":false},"gridFields":{}}}},"count":1},"fillIntegration":{"salesforce":{"permissions":true,"platform":"prod","sfListActions":[{"multiMatchs":"all","anyMatch":"skip","gridFields":{"tablel#-#1621422679496-504-14#-#1621422679496-964-15#-#1621422679496-799-01":"FirstName","tablel#-#1621422679496-504-14#-#1621422679496-374-1#-#1621422679496-799-01":"LastName","tablel#-#1621422679496-504-14#-#1621422679496-74-2#-#1621422679496-799-01":"MobilePhone"},"uid":"1621422742937-560-752","showLoadingMessage":true,"loadingMessage":"Loading...","customSkipMessage":"Skipped ...","isSFGetIntegration":true,"platform":"prod","references":{},"customMapping":{},"isMapped":true,"sobject":"Lead","sobjectLabel":"Lead","updateCondition":[{"conditions":[{"name":"Id","operator":"isnotempty","postCondition":"and"},{"name":"LastName","conditionType":"string","operator":"notequal","staticValue":"Some Fake Name","uid":"static"}]}],"processOnCustomButton":true,"limits":"50","childrens":[],"isChild":false},{"anyMatch":"skip","childrens":[],"customSkipMessage":"Skipped ...","isCacheMetadata":true,"isChild":false,"isMapped":true,"isSFGetIntegration":true,"loadPickList":true,"loadingMessage":"Loading...","comment":"Load picklist","multiMatchs":"first","platform":"prod","processOnload":true,"references":{},"showLoadingMessage":true,"sobject":"Account","sobjectLabel":"Account","uid":"1621422837560-188-16","gridFields":{"1621422817880-801-15":"Industry"}},{"multiMatchs":"first","anyMatch":"skip","gridFields":{"1621422229411-160-7":"Id","1621422263765-384-9":"FirstName","1621422266515-918-10":"LastName","1621425307720-651-29":"Salutation","1621425251029-882-27":"MobilePhone"},"uid":"1621422911105-644-166","showLoadingMessage":true,"loadingMessage":"Loading...","customSkipMessage":"Skipped ...","isSFGetIntegration":true,"platform":"prod","references":{},"customMapping":{},"isMapped":true,"sobject":"Contact","sobjectLabel":"Contact","updateCondition":[{"conditions":[{"name":"Email","conditionType":"string","operator":"equals","uid":"1621422278771-843-12"}]}],"childrens":[],"isChild":false},{"anyMatch":"skip","childrens":[],"customSkipMessage":"Skipped ...","isCacheMetadata":true,"isChild":false,"isMapped":true,"isSFGetIntegration":true,"loadPickList":true,"loadingMessage":"Loading...","comment":"Load picklist","multiMatchs":"first","platform":"prod","processOnload":true,"references":{},"showLoadingMessage":true,"sobject":"Contact","sobjectLabel":"Contact","uid":"1621425321404-330-30","gridFields":{"1621425307720-651-29":"Salutation"}},{"anyMatch":"skip","childrens":[],"comment":"Word mapping","customSkipMessage":"Skipped ...","gridFields":{},"isSFGetIntegration":true,"loadingMessage":"Loading...","multiMatchs":"first","platform":"prod","processOnCustomButton":true,"showLoadingMessage":true,"sobject":"Opportunity","sobjectLabel":"Opportunity","uid":"1621427244908-670-848"},{"anyMatch":"skip","childrens":[],"comment":"Word mapping","customSkipMessage":"Skipped ...","gridFields":{},"isSFGetIntegration":true,"loadingMessage":"Loading...","multiMatchs":"first","platform":"prod","processOnCustomButton":true,"showLoadingMessage":true,"sobject":"OpportunityLineItem","sobjectLabel":"OpportunityLineItem","uid":"1621427244908-75-999"}]}},"ruller":{"leftLines":{},"topLines":{}},"ThemeID":511912,"id":"1046605","croNotifycation":{"cro":28},"mappingFields":{"fontSize":"18","color":"#000F33","spaceBetweenSlides":30,"baseSize":{"fontSize":14},"enabled":false,"defaultZoom":100,"dynamicMode":false,"dynamicPages":[{"text":"<p><span style=\"color: #ff00ff; background-color: #00ffff;\"><em><span style=\"font-family: Alef, sans-serif;\">Now page 2 is page 1</span></em></span></p>\n<p>&nbsp;</p>\n<p>&nbsp;</p>\n<p><strong>Page 2 dynamic pdf<span class=\"pdf-mapping-element\" data-id=\"1621422229411-160-7\" data-type=\"element\">ConId</span>&nbsp;</strong></p>\n<p><strong>&nbsp;</strong></p>\n<p>&nbsp;</p>\n<p><strong><span class=\"pdf-mapping-element\" data-id=\"1621422278771-843-12\" data-type=\"element\">Email</span>&nbsp;</strong></p>","id":"1621423364754-161-23","uid":"1621423364754-161-23"},{"text":"<p><span style=\"color: #ff00ff; background-color: #00ffff;\"><em><span style=\"font-family: Alef, sans-serif;\">Now page 2 is page 1</span></em></span></p>\n<p>&nbsp;</p>\n<p><span style=\"color: #ff00ff; background-color: #00ffff;\"><em><span style=\"font-family: Alef, sans-serif;\">here is a dynamic pdf page 1</span></em></span></p>\n<p>&nbsp;</p>\n<p><span style=\"color: #ff00ff; background-color: #00ffff;\"><em><span style=\"font-family: Alef, sans-serif;\">name: <span class=\"pdf-mapping-element\" data-id=\"1621422263765-384-9\" data-type=\"element\">First Name</span> <span class=\"pdf-mapping-element\" data-id=\"1621422266515-918-10\" data-type=\"element\">Last Name</span>&nbsp;</span></em></span></p>\n<p><span style=\"color: #ff00ff; background-color: #00ffff;\"><em><span style=\"font-family: Alef, sans-serif;\">Industry:&nbsp;<span class=\"pdf-mapping-element\" data-id=\"1621422817880-801-15\" data-type=\"element\">Industry - not mapped</span>&nbsp;</span></em></span></p>\n<p><span style=\"color: #ff00ff; background-color: #00ffff;\"><em><span style=\"font-family: Alef, sans-serif;\"><span class=\"pdf-mapping-element\" data-id=\"1621422278771-843-12\" data-type=\"element\">Email</span>&nbsp;</span></em></span></p>\n<p><span style=\"color: #ff00ff; background-color: #00ffff;\"><em><span style=\"font-family: Alef, sans-serif;\">&nbsp;</span></em></span></p>\n<p>&nbsp;</p>","id":"1621423364754-971-1","uid":"1621423364754-971-1"},{"text":"<p>new dynamic page</p>\n<p>&nbsp;</p>\n<table style=\"border-collapse: collapse; width: 100%; height: 144px;\" border=\"1\">\n<tbody>\n<tr style=\"height: 18px;\">\n<td style=\"width: 12.5%; height: 18px;\">asdfasasdfa</td>\n<td style=\"width: 12.5%; height: 18px;\">&nbsp;</td>\n<td style=\"width: 12.5%; height: 18px;\">&nbsp;</td>\n<td style=\"width: 12.5%; height: 18px;\">&nbsp;</td>\n<td style=\"width: 12.5%; height: 18px;\">&nbsp;</td>\n<td style=\"width: 12.5%; height: 18px;\">&nbsp;</td>\n<td style=\"width: 12.5%; height: 18px;\">&nbsp;</td>\n<td style=\"width: 12.5%; height: 18px;\">&nbsp;</td>\n</tr>\n<tr style=\"height: 18px;\">\n<td style=\"width: 12.5%; height: 18px;\">&nbsp;</td>\n<td style=\"width: 12.5%; height: 18px;\">&nbsp;</td>\n<td style=\"width: 12.5%; height: 18px;\">&nbsp;</td>\n<td style=\"width: 12.5%; height: 18px;\">&nbsp;</td>\n<td style=\"width: 12.5%; height: 18px;\">asdfasdfasdf</td>\n<td style=\"width: 12.5%; height: 18px;\">&nbsp;</td>\n<td style=\"width: 12.5%; height: 18px;\">&nbsp;</td>\n<td style=\"width: 12.5%; height: 18px;\">&nbsp;</td>\n</tr>\n<tr style=\"height: 18px;\">\n<td style=\"width: 12.5%; height: 18px;\">asdfasdf</td>\n<td style=\"width: 12.5%; height: 18px;\">&nbsp;</td>\n<td style=\"width: 12.5%; height: 18px;\">&nbsp;</td>\n<td style=\"width: 12.5%; height: 18px;\">asdfasdf</td>\n<td style=\"width: 12.5%; height: 18px;\">&nbsp;</td>\n<td style=\"width: 12.5%; height: 18px;\">&nbsp;</td>\n<td style=\"width: 12.5%; height: 18px;\">asdasdf</td>\n<td style=\"width: 12.5%; height: 18px;\">&nbsp;</td>\n</tr>\n<tr style=\"height: 18px;\">\n<td style=\"width: 12.5%; height: 18px;\">&nbsp;</td>\n<td style=\"width: 12.5%; height: 18px;\">&nbsp;</td>\n<td style=\"width: 12.5%; height: 18px;\">asdasdf</td>\n<td style=\"width: 12.5%; height: 18px;\">asdfas</td>\n<td style=\"width: 12.5%; height: 18px;\">&nbsp;</td>\n<td style=\"width: 12.5%; height: 18px;\">&nbsp;</td>\n<td style=\"width: 12.5%; height: 18px;\">&nbsp;</td>\n<td style=\"width: 12.5%; height: 18px;\">&nbsp;</td>\n</tr>\n<tr style=\"height: 18px;\">\n<td style=\"width: 12.5%; height: 18px;\">&nbsp;</td>\n<td style=\"width: 12.5%; height: 18px;\">&nbsp;</td>\n<td style=\"width: 12.5%; height: 18px;\">&nbsp;</td>\n<td style=\"width: 12.5%; height: 18px;\">&nbsp;</td>\n<td style=\"width: 12.5%; height: 18px;\">&nbsp;</td>\n<td style=\"width: 12.5%; height: 18px;\">&nbsp;</td>\n<td style=\"width: 12.5%; height: 18px;\">asdfasdfa</td>\n<td style=\"width: 12.5%; height: 18px;\">&nbsp;</td>\n</tr>\n<tr style=\"height: 18px;\">\n<td style=\"width: 12.5%; height: 18px;\">&nbsp;</td>\n<td style=\"width: 12.5%; height: 18px;\">asdfasdf</td>\n<td style=\"width: 12.5%; height: 18px;\">&nbsp;</td>\n<td style=\"width: 12.5%; height: 18px;\">&nbsp;</td>\n<td style=\"width: 12.5%; height: 18px;\">&nbsp;</td>\n<td style=\"width: 12.5%; height: 18px;\">&nbsp;</td>\n<td style=\"width: 12.5%; height: 18px;\">&nbsp;</td>\n<td style=\"width: 12.5%; height: 18px;\">&nbsp;</td>\n</tr>\n<tr style=\"height: 18px;\">\n<td style=\"width: 12.5%; height: 18px;\">&nbsp;</td>\n<td style=\"width: 12.5%; height: 18px;\">&nbsp;</td>\n<td style=\"width: 12.5%; height: 18px;\">&nbsp;</td>\n<td style=\"width: 12.5%; height: 18px;\">&nbsp;</td>\n<td style=\"width: 12.5%; height: 18px;\">asdfasdf</td>\n<td style=\"width: 12.5%; height: 18px;\">&nbsp;</td>\n<td style=\"width: 12.5%; height: 18px;\">&nbsp;</td>\n<td style=\"width: 12.5%; height: 18px;\">&nbsp;</td>\n</tr>\n<tr style=\"height: 18px;\">\n<td style=\"width: 12.5%; height: 18px;\">&nbsp;</td>\n<td style=\"width: 12.5%; height: 18px;\">&nbsp;</td>\n<td style=\"width: 12.5%; height: 18px;\">&nbsp;</td>\n<td style=\"width: 12.5%; height: 18px;\">&nbsp;</td>\n<td style=\"width: 12.5%; height: 18px;\">&nbsp;</td>\n<td style=\"width: 12.5%; height: 18px;\">&nbsp;</td>\n<td style=\"width: 12.5%; height: 18px;\">&nbsp;</td>\n<td style=\"width: 12.5%; height: 18px;\">&nbsp;</td>\n</tr>\n</tbody>\n</table>","id":"1621426540285-834-2","uid":"1621426540285-834-2"}],"condition":{},"interactive":{},"buttons":{"continue":"Finish","close":"Cancel","preview":"Preview","Signature":"Click here to sign","FileUpload":"Click here to upload a file"},"previewBeforeSubmit":true,"allowDownload":false,"printPageNumber":false,"pages":[{"mappingElements":[{"label":"First Name","uid":"1621422263765-384-9","type":"element","fieldType":"Textbox","id":1,"position":{"top":24,"left":23},"basePosition":{"top":24,"left":23},"baseSize":{"width":222,"height":50},"size":{"width":222,"height":50}},{"label":"Last Name","uid":"1621422266515-918-10","type":"element","fieldType":"Textbox","id":2,"position":{"top":128,"left":23},"basePosition":{"top":128,"left":23},"baseSize":{"width":222,"height":50},"size":{"width":222,"height":50}},{"label":"Email","uid":"1621422278771-843-12","type":"element","fieldType":"Email","id":3,"position":{"top":221,"left":23},"basePosition":{"top":221,"left":23},"baseSize":{"width":222,"height":50},"size":{"width":222,"height":50}}],"imagePath":"1046605_1_1621426690436_baseMapping_ver2.jpg","id":1,"uid":"1621426691775-989-1","sizeInContainer":{"width":517,"height":345},"baseSize":{"width":517,"height":345}},{"mappingElements":[{"label":"AccId","uid":"1621422532953-81-13","type":"element","fieldType":"Hidden","id":1,"position":{"top":34,"left":24},"basePosition":{"top":34,"left":24},"baseSize":{"width":242,"height":70},"size":{"width":242,"height":70}},{"label":"Some label text here","uid":"1621423052174-218-21","type":"element","fieldType":"Label","id":2,"position":{"top":135,"left":24},"basePosition":{"top":135,"left":24},"baseSize":{"width":242,"height":70},"size":{"width":242,"height":70}}],"imagePath":"1046605_2_1621426753983_baseMapping_ver2.jpg","id":2,"uid":"1621426754446-531-2","sizeInContainer":{"width":518,"height":346},"baseSize":{"width":518,"height":346}}],"isLandscape":false,"autoDownload":false,"hideCancelButton":true,"dynamicHtmlMapping":"<p><span style=\"color: #ff00ff; background-color: #00ffff;\"><em><span style=\"font-family: Alef, sans-serif;\">Now page 2 is page 1</span></em></span></p>\n<p>&nbsp;</p>\n<p>&nbsp;</p>\n<p><strong>Page 2 dynamic pdf<span class=\"pdf-mapping-element\" data-id=\"1621422229411-160-7\" data-type=\"element\">ConId</span>&nbsp;</strong></p>\n<p><strong>&nbsp;</strong></p>\n<p>&nbsp;</p>\n<p><strong><span class=\"pdf-mapping-element\" data-id=\"1621422278771-843-12\" data-type=\"element\">Email</span>&nbsp;</strong></p>","fullSizePreview":true},"enabledVersions":true,"formVersionSettings":{"isUseGit":true,"repo":"Yair_testGitFullUseCase_FormAndDoc","branch":"main"},"wordMapping":{"labels":{"preview":"Preview","continue":"Continue","close":"Close","clickHere":"Click to sign","dropLabel":"Drop signature image here to upload","loading":"Document is loading","title":"New signature","drawSignature":"Draw new Signature","confirm":"Confirm","cancel":"Cancel","error":"Signature is mandatory"},"enabled":true,"version":2,"documentClientName":"Template.docx","recordID":"1621427039440-640-35","previewBeforeSubmit":true,"previewWith":"titanMini","outputFormat":"pdf","typeOfConvert":"titan","enabledSignature":true,"converForSignWith":"titan"},"isValidRule":0,"ownrUrlExtension":"yairk-formtitan","selectedFieldTypesList":{},"isCached":false,"debug_mode":{"showHiddenFields":true},"isCachedHQImage":false}